filename, language, Verilog, JSON, Markdown, Scala, Properties, Makefile, C++, Python, vcd, comment, blank, total
FADD.anno.json, JSON, 0, 18, 0, 0, 0, 0, 0, 0, 0, 0, 0, 18
Makefile, Makefile, 0, 0, 0, 0, 0, 244, 0, 0, 0, 82, 95, 421
README.md, Markdown, 0, 0, 1058, 0, 0, 0, 0, 0, 0, 0, 187, 1245
RTP_tb.v, Verilog, 74, 0, 0, 0, 0, 0, 0, 0, 0, 7, 21, 102
RTP_test/Makefile, Makefile, 0, 0, 0, 0, 0, 21, 0, 0, 0, 40, 13, 74
RTP_test/conference_diffuse/file.py, Python, 0, 0, 0, 0, 0, 0, 0, 8, 0, 2, 3, 13
RTP_test/fairy.vcd, vcd, 0, 0, 0, 0, 0, 0, 0, 0, 760907, 0, 6440, 767347
RTP_test/project/build.properties, Properties, 0, 0, 0, 0, 1, 0, 0, 0, 0, 0, 1, 2
RTP_test/sanmiguel.vcd, vcd, 0, 0, 0, 0, 0, 0, 0, 0, 1572970, 0, 13099, 1586069
RTP_test/sibenik.vcd, vcd, 0, 0, 0, 0, 0, 0, 0, 0, 2676619, 0, 19254, 2695873
RTP_test/top_test.v, Verilog, 71, 0, 0, 0, 0, 0, 0, 0, 0, 5, 23, 99
RTP_test/top_test_2.v, Verilog, 75, 0, 0, 0, 0, 0, 0, 0, 0, 11, 22, 108
RTP_test/top_test_3.v, Verilog, 72, 0, 0, 0, 0, 0, 0, 0, 0, 22, 22, 116
RTP_test/top_test_4.v, Verilog, 72, 0, 0, 0, 0, 0, 0, 0, 0, 22, 23, 117
RTP_test/top_test_5.v, Verilog, 72, 0, 0, 0, 0, 0, 0, 0, 0, 22, 23, 117
RTP_test/top_test_6.v, Verilog, 72, 0, 0, 0, 0, 0, 0, 0, 0, 22, 22, 116
RTP_test/top_test_7.v, Verilog, 71, 0, 0, 0, 0, 0, 0, 0, 0, 22, 22, 115
RTP_test/wave.vcd, vcd, 0, 0, 0, 0, 0, 0, 0, 0, 1563922, 0, 12769, 1576691
RTP_x_wrapper.v, Verilog, 65, 0, 0, 0, 0, 0, 0, 0, 0, 0, 3, 68
Ray_Tri_Intersection_Pipeline.md, Markdown, 0, 0, 38, 0, 0, 0, 0, 0, 0, 19, 11, 68
TOP_1.anno.json, JSON, 0, 3382, 0, 0, 0, 0, 0, 0, 0, 0, 0, 3382
TOP_1.v, Verilog, 29777, 0, 0, 0, 0, 0, 0, 0, 0, 28, 1, 29806
build.sbt, Scala, 0, 0, 0, 55, 0, 0, 0, 0, 0, 29, 14, 98
build.sc, Scala, 0, 0, 0, 41, 0, 0, 0, 0, 0, 5, 13, 59
csrc/test-CompareRecF16_eq.h, C++, 0, 0, 0, 0, 0, 0, 2, 0, 0, 0, 2, 4
csrc/test-CompareRecF16_le.h, C++, 0, 0, 0, 0, 0, 0, 2, 0, 0, 0, 2, 4
csrc/test-CompareRecF16_lt.h, C++, 0, 0, 0, 0, 0, 0, 2, 0, 0, 0, 2, 4
csrc/test-CompareRecF32_eq.h, C++, 0, 0, 0, 0, 0, 0, 2, 0, 0, 0, 2, 4
csrc/test-CompareRecF32_le.h, C++, 0, 0, 0, 0, 0, 0, 2, 0, 0, 0, 2, 4
csrc/test-CompareRecF32_lt.h, C++, 0, 0, 0, 0, 0, 0, 2, 0, 0, 0, 2, 4
csrc/test-CompareRecF64_eq.h, C++, 0, 0, 0, 0, 0, 0, 2, 0, 0, 0, 2, 4
csrc/test-CompareRecF64_le.h, C++, 0, 0, 0, 0, 0, 0, 2, 0, 0, 0, 2, 4
csrc/test-CompareRecF64_lt.h, C++, 0, 0, 0, 0, 0, 0, 2, 0, 0, 0, 2, 4
csrc/test-CompareRecFN.cpp, C++, 0, 0, 0, 0, 0, 0, 73, 0, 0, 4, 16, 93
csrc/test-DivSqrtRecF16_small_div.h, C++, 0, 0, 0, 0, 0, 0, 2, 0, 0, 0, 1, 3
csrc/test-DivSqrtRecF16_small_sqrt.h, C++, 0, 0, 0, 0, 0, 0, 4, 0, 0, 0, 2, 6
csrc/test-DivSqrtRecF32_small_div.h, C++, 0, 0, 0, 0, 0, 0, 2, 0, 0, 0, 1, 3
csrc/test-DivSqrtRecF32_small_sqrt.h, C++, 0, 0, 0, 0, 0, 0, 4, 0, 0, 0, 2, 6
csrc/test-DivSqrtRecF64_div.h, C++, 0, 0, 0, 0, 0, 0, 4, 0, 0, 0, 2, 6
csrc/test-DivSqrtRecF64_small_div.h, C++, 0, 0, 0, 0, 0, 0, 4, 0, 0, 0, 2, 6
csrc/test-DivSqrtRecF64_small_sqrt.h, C++, 0, 0, 0, 0, 0, 0, 4, 0, 0, 0, 2, 6
csrc/test-DivSqrtRecF64_sqrt.h, C++, 0, 0, 0, 0, 0, 0, 4, 0, 0, 0, 2, 6
csrc/test-DivSqrtRecFN_div.h, C++, 0, 0, 0, 0, 0, 0, 39, 0, 0, 2, 14, 55
csrc/test-DivSqrtRecFN_small_div.h, C++, 0, 0, 0, 0, 0, 0, 39, 0, 0, 2, 14, 55
csrc/test-DivSqrtRecFN_small_sqrt.h, C++, 0, 0, 0, 0, 0, 0, 33, 0, 0, 2, 12, 47
csrc/test-DivSqrtRecFN_sqrt.h, C++, 0, 0, 0, 0, 0, 0, 33, 0, 0, 2, 12, 47
csrc/test-I32ToRecF16.h, C++, 0, 0, 0, 0, 0, 0, 5, 0, 0, 0, 2, 7
csrc/test-I32ToRecF32.h, C++, 0, 0, 0, 0, 0, 0, 3, 0, 0, 0, 1, 4
csrc/test-I32ToRecF64.h, C++, 0, 0, 0, 0, 0, 0, 5, 0, 0, 0, 2, 7
csrc/test-I64ToRecF16.h, C++, 0, 0, 0, 0, 0, 0, 3, 0, 0, 0, 2, 5
csrc/test-I64ToRecF32.h, C++, 0, 0, 0, 0, 0, 0, 3, 0, 0, 0, 2, 5
csrc/test-I64ToRecF64.h, C++, 0, 0, 0, 0, 0, 0, 3, 0, 0, 0, 2, 5
csrc/test-INToRecFN.h, C++, 0, 0, 0, 0, 0, 0, 28, 0, 0, 2, 11, 41
csrc/test-MulAddRecF16.h, C++, 0, 0, 0, 0, 0, 0, 2, 0, 0, 0, 2, 4
csrc/test-MulAddRecF16_add.h, C++, 0, 0, 0, 0, 0, 0, 2, 0, 0, 0, 2, 4
csrc/test-MulAddRecF16_mul.h, C++, 0, 0, 0, 0, 0, 0, 4, 0, 0, 0, 2, 6
csrc/test-MulAddRecF32.h, C++, 0, 0, 0, 0, 0, 0, 2, 0, 0, 0, 2, 4
csrc/test-MulAddRecF32_add.h, C++, 0, 0, 0, 0, 0, 0, 2, 0, 0, 0, 2, 4
csrc/test-MulAddRecF32_mul.h, C++, 0, 0, 0, 0, 0, 0, 2, 0, 0, 0, 2, 4
csrc/test-MulAddRecF64.h, C++, 0, 0, 0, 0, 0, 0, 2, 0, 0, 0, 2, 4
csrc/test-MulAddRecF64_add.h, C++, 0, 0, 0, 0, 0, 0, 2, 0, 0, 0, 2, 4
csrc/test-MulAddRecF64_mul.h, C++, 0, 0, 0, 0, 0, 0, 2, 0, 0, 0, 2, 4
csrc/test-MulAddRecFN.h, C++, 0, 0, 0, 0, 0, 0, 36, 0, 0, 2, 13, 51
csrc/test-MulAddRecFN_add.h, C++, 0, 0, 0, 0, 0, 0, 32, 0, 0, 2, 12, 46
csrc/test-MulAddRecFN_mul.h, C++, 0, 0, 0, 0, 0, 0, 32, 0, 0, 2, 12, 46
csrc/test-RecF16ToI32.h, C++, 0, 0, 0, 0, 0, 0, 2, 0, 0, 0, 2, 4
csrc/test-RecF16ToI64.h, C++, 0, 0, 0, 0, 0, 0, 2, 0, 0, 0, 2, 4
csrc/test-RecF16ToRecF32.h, C++, 0, 0, 0, 0, 0, 0, 3, 0, 0, 0, 2, 5
csrc/test-RecF16ToRecF64.h, C++, 0, 0, 0, 0, 0, 0, 3, 0, 0, 0, 2, 5
csrc/test-RecF16ToUI32.h, C++, 0, 0, 0, 0, 0, 0, 2, 0, 0, 0, 2, 4
csrc/test-RecF16ToUI64.h, C++, 0, 0, 0, 0, 0, 0, 2, 0, 0, 0, 2, 4
csrc/test-RecF32ToI32.h, C++, 0, 0, 0, 0, 0, 0, 2, 0, 0, 0, 2, 4
csrc/test-RecF32ToI64.h, C++, 0, 0, 0, 0, 0, 0, 2, 0, 0, 0, 2, 4
csrc/test-RecF32ToRecF16.h, C++, 0, 0, 0, 0, 0, 0, 3, 0, 0, 0, 2, 5
csrc/test-RecF32ToRecF64.h, C++, 0, 0, 0, 0, 0, 0, 3, 0, 0, 0, 2, 5
csrc/test-RecF32ToUI32.h, C++, 0, 0, 0, 0, 0, 0, 2, 0, 0, 0, 2, 4
csrc/test-RecF32ToUI64.h, C++, 0, 0, 0, 0, 0, 0, 2, 0, 0, 0, 2, 4
csrc/test-RecF64ToI32.h, C++, 0, 0, 0, 0, 0, 0, 2, 0, 0, 0, 2, 4
csrc/test-RecF64ToI64.h, C++, 0, 0, 0, 0, 0, 0, 2, 0, 0, 0, 2, 4
csrc/test-RecF64ToRecF16.h, C++, 0, 0, 0, 0, 0, 0, 3, 0, 0, 0, 2, 5
csrc/test-RecF64ToRecF32.h, C++, 0, 0, 0, 0, 0, 0, 3, 0, 0, 0, 2, 5
csrc/test-RecF64ToUI32.h, C++, 0, 0, 0, 0, 0, 0, 2, 0, 0, 0, 2, 4
csrc/test-RecF64ToUI64.h, C++, 0, 0, 0, 0, 0, 0, 2, 0, 0, 0, 2, 4
csrc/test-RecFNToIN.cpp, C++, 0, 0, 0, 0, 0, 0, 73, 0, 0, 5, 18, 96
csrc/test-RecFNToRecFN.h, C++, 0, 0, 0, 0, 0, 0, 28, 0, 0, 2, 11, 41
csrc/test-RecFNToUIN.cpp, C++, 0, 0, 0, 0, 0, 0, 74, 0, 0, 5, 18, 97
csrc/test-UI32ToRecF16.h, C++, 0, 0, 0, 0, 0, 0, 3, 0, 0, 0, 1, 4
csrc/test-UI32ToRecF32.h, C++, 0, 0, 0, 0, 0, 0, 3, 0, 0, 0, 1, 4
csrc/test-UI32ToRecF64.h, C++, 0, 0, 0, 0, 0, 0, 3, 0, 0, 0, 1, 4
csrc/test-UI64ToRecF16.h, C++, 0, 0, 0, 0, 0, 0, 3, 0, 0, 0, 1, 4
csrc/test-UI64ToRecF32.h, C++, 0, 0, 0, 0, 0, 0, 3, 0, 0, 0, 1, 4
csrc/test-UI64ToRecF64.h, C++, 0, 0, 0, 0, 0, 0, 3, 0, 0, 0, 1, 4
csrc/test-UINToRecFN.h, C++, 0, 0, 0, 0, 0, 0, 28, 0, 0, 2, 13, 43
csrc/test-f16FromRecF16.h, C++, 0, 0, 0, 0, 0, 0, 1, 0, 0, 0, 2, 3
csrc/test-f32FromRecF32.h, C++, 0, 0, 0, 0, 0, 0, 1, 0, 0, 0, 2, 3
csrc/test-f64FromRecF64.h, C++, 0, 0, 0, 0, 0, 0, 1, 0, 0, 0, 2, 3
csrc/test-fNFromRecFN.cpp, C++, 0, 0, 0, 0, 0, 0, 47, 0, 0, 4, 11, 62
csrc/test.cpp, C++, 0, 0, 0, 0, 0, 0, 68, 0, 0, 6, 16, 90
csrc/verilator.h, C++, 0, 0, 0, 0, 0, 0, 23, 0, 0, 2, 5, 30
generated/Stack/Stack.anno.json, JSON, 0, 15, 0, 0, 0, 0, 0, 0, 0, 0, 1, 16
generated/Stack/Stack.v, Verilog, 109, 0, 0, 0, 0, 0, 0, 0, 0, 1, 1, 111
generated/hardfloat.FifoTester1924771078/DeviceUnderTest.anno.json, JSON, 0, 31, 0, 0, 0, 0, 0, 0, 0, 0, 1, 32
mem_test/memtest.v, Verilog, 39, 0, 0, 0, 0, 0, 0, 0, 0, 9, 10, 58
mem_test/readmem_test.anno.json, JSON, 0, 15, 0, 0, 0, 0, 0, 0, 0, 0, 1, 16
mem_test/readmem_test.v, Verilog, 86, 0, 0, 0, 0, 0, 0, 0, 0, 1, 1, 88
mem_test/test.v, Verilog, 0, 0, 0, 0, 0, 0, 0, 0, 0, 0, 1, 1
mem_test/wave.vcd, vcd, 0, 0, 0, 0, 0, 0, 0, 0, 10221, 0, 1, 10222
project/build.properties, Properties, 0, 0, 0, 0, 1, 0, 0, 0, 0, 0, 1, 2
ray_AABB_1.anno.json, JSON, 0, 622, 0, 0, 0, 0, 0, 0, 0, 0, 0, 622
ray_AABB_1.v, Verilog, 2514, 0, 0, 0, 0, 0, 0, 0, 0, 2, 1, 2517
src/main/scala/Arbitration_1.scala, Scala, 0, 0, 0, 0, 0, 0, 0, 0, 0, 194, 25, 219
src/main/scala/Arbitration_1_0.scala, Scala, 0, 0, 0, 0, 0, 0, 0, 0, 0, 319, 52, 371
src/main/scala/Arbitration_1_1.scala, Scala, 0, 0, 0, 146, 0, 0, 0, 0, 0, 42, 24, 212
src/main/scala/Arbitration_1_2.scala, Scala, 0, 0, 0, 0, 0, 0, 0, 0, 0, 189, 24, 213
src/main/scala/Arbitration_1_3.scala, Scala, 0, 0, 0, 0, 0, 0, 0, 0, 0, 188, 24, 212
src/main/scala/Arbitration_2.scala, Scala, 0, 0, 0, 72, 0, 0, 0, 0, 0, 167, 27, 266
src/main/scala/Arbitration_2_1.scala, Scala, 0, 0, 0, 134, 0, 0, 0, 0, 0, 58, 26, 218
src/main/scala/Arbitration_3.scala, Scala, 0, 0, 0, 229, 0, 0, 0, 0, 0, 43, 27, 299
src/main/scala/Arbitration_3_1.scala, Scala, 0, 0, 0, 0, 0, 0, 0, 0, 0, 272, 27, 299
src/main/scala/Arbitration_4.scala, Scala, 0, 0, 0, 103, 0, 0, 0, 0, 0, 80, 17, 200
src/main/scala/BVH_memory.scala, Scala, 0, 0, 0, 20, 0, 0, 0, 0, 0, 3, 4, 27
src/main/scala/BVH_memory_0.scala, Scala, 0, 0, 0, 20, 0, 0, 0, 0, 0, 3, 5, 28
src/main/scala/BVH_memory_valid.scala, Scala, 0, 0, 0, 19, 0, 0, 0, 0, 0, 3, 6, 28
src/main/scala/Child_node_traverse_pipeline.scala, Scala, 0, 0, 0, 0, 0, 0, 0, 0, 0, 679, 73, 752
src/main/scala/Child_node_traverse_pipeline_test.scala, Scala, 0, 0, 0, 870, 0, 0, 0, 0, 0, 419, 159, 1448
src/main/scala/CompareRecFN.scala, Scala, 0, 0, 0, 38, 0, 0, 0, 0, 0, 35, 11, 84
src/main/scala/DivSqrtRecF64.scala, Scala, 0, 0, 0, 78, 0, 0, 0, 0, 0, 35, 17, 130
src/main/scala/DivSqrtRecF64_mulAddZ31.scala, Scala, 0, 0, 0, 592, 0, 0, 0, 0, 0, 112, 81, 785
src/main/scala/DivSqrtRecFN_small.scala, Scala, 0, 0, 0, 223, 0, 0, 0, 0, 0, 219, 50, 492
src/main/scala/FADD.scala, Scala, 0, 0, 0, 29, 0, 0, 0, 0, 0, 39, 5, 73
src/main/scala/FADD_1.scala, Scala, 0, 0, 0, 102, 0, 0, 0, 0, 0, 58, 24, 184
src/main/scala/FCMP.scala, Scala, 0, 0, 0, 23, 0, 0, 0, 0, 0, 45, 7, 75
src/main/scala/FDIV.scala, Scala, 0, 0, 0, 151, 0, 0, 0, 0, 0, 17, 18, 186
src/main/scala/FDIV_ds.scala, Scala, 0, 0, 0, 134, 0, 0, 0, 0, 0, 62, 19, 215
src/main/scala/FIFO.scala, Scala, 0, 0, 0, 88, 0, 0, 0, 0, 0, 10, 4, 102
src/main/scala/FIFO_0.scala, Scala, 0, 0, 0, 66, 0, 0, 0, 0, 0, 30, 4, 100
src/main/scala/FMUL.scala, Scala, 0, 0, 0, 27, 0, 0, 0, 0, 0, 36, 5, 68
src/main/scala/FMULADD_1G.scala, Scala, 0, 0, 0, 34, 0, 0, 0, 0, 0, 28, 16, 78
src/main/scala/FMULADD_1G_2.scala, Scala, 0, 0, 0, 107, 0, 0, 0, 0, 0, 53, 24, 184
src/main/scala/FMUL_1.scala, Scala, 0, 0, 0, 102, 0, 0, 0, 0, 0, 58, 24, 184
src/main/scala/FMUL_ADD_1.scala, Scala, 0, 0, 0, 31, 0, 0, 0, 0, 0, 17, 11, 59
src/main/scala/FP_inverter.scala, Scala, 0, 0, 0, 50, 0, 0, 0, 0, 0, 17, 15, 82
src/main/scala/FSM.scala, Scala, 0, 0, 0, 67, 0, 0, 0, 0, 0, 56, 4, 127
src/main/scala/Fileread.scala, Scala, 0, 0, 0, 14, 0, 0, 0, 0, 0, 3, 1, 18
src/main/scala/FloatWrapper.scala, Scala, 0, 0, 0, 19, 0, 0, 0, 0, 0, 6, 2, 27
src/main/scala/INToRecFN.scala, Scala, 0, 0, 0, 31, 0, 0, 0, 0, 0, 37, 8, 76
src/main/scala/IST0.scala, Scala, 0, 0, 0, 227, 0, 0, 0, 0, 0, 53, 28, 308
src/main/scala/IST1.scala, Scala, 0, 0, 0, 180, 0, 0, 0, 0, 0, 39, 14, 233
src/main/scala/IST2.scala, Scala, 0, 0, 0, 329, 0, 0, 0, 0, 0, 92, 35, 456
src/main/scala/IST3.scala, Scala, 0, 0, 0, 376, 0, 0, 0, 0, 0, 105, 33, 514
src/main/scala/LUT_0.scala, Scala, 0, 0, 0, 0, 0, 0, 0, 0, 0, 1675, 69, 1744
src/main/scala/MulAddRecFN.scala, Scala, 0, 0, 0, 244, 0, 0, 0, 0, 0, 75, 31, 350
src/main/scala/RTP_origin.scala, Scala, 0, 0, 0, 0, 0, 0, 0, 0, 0, 495, 56, 551
src/main/scala/Ray_AABB.scala, Scala, 0, 0, 0, 599, 0, 0, 0, 0, 0, 243, 87, 929
src/main/scala/Ray_AABB_1.scala, Scala, 0, 0, 0, 563, 0, 0, 0, 0, 0, 187, 72, 822
src/main/scala/Ray_Tri_Intersection_Pipeline.scala, Scala, 0, 0, 0, 0, 0, 0, 0, 0, 0, 1250, 196, 1446
src/main/scala/RecFNToIN.scala, Scala, 0, 0, 0, 80, 0, 0, 0, 0, 0, 51, 15, 146
src/main/scala/RecFNToRecFN.scala, Scala, 0, 0, 0, 38, 0, 0, 0, 0, 0, 41, 11, 90
src/main/scala/RoundAnyRawFNToRecFN.scala, Scala, 0, 0, 0, 234, 0, 0, 0, 0, 0, 58, 27, 319
src/main/scala/Schedule_unit.scala, Scala, 0, 0, 0, 0, 0, 0, 0, 0, 0, 3996, 91, 4087
src/main/scala/Schedule_unit_1.scala, Scala, 0, 0, 0, 656, 0, 0, 0, 0, 0, 59, 20, 735
src/main/scala/Stack_addr.scala, Scala, 0, 0, 0, 0, 0, 0, 0, 0, 0, 45, 5, 50
src/main/scala/Stackmanage copy 2.scala, Scala, 0, 0, 0, 0, 0, 0, 0, 0, 0, 7174, 234, 7408
src/main/scala/Stackmanage copy 3.scala, Scala, 0, 0, 0, 0, 0, 0, 0, 0, 0, 5944, 270, 6214
src/main/scala/Stackmanage copy 4.scala, Scala, 0, 0, 0, 0, 0, 0, 0, 0, 0, 5934, 206, 6140
src/main/scala/Stackmanage copy.scala, Scala, 0, 0, 0, 0, 0, 0, 0, 0, 0, 3338, 199, 3537
src/main/scala/Stackmanage_0.scala, Scala, 0, 0, 0, 0, 0, 0, 0, 0, 0, 5366, 270, 5636
src/main/scala/Top.scala, Scala, 0, 0, 0, 423, 0, 0, 0, 0, 0, 54, 44, 521
src/main/scala/Top_1.scala, Scala, 0, 0, 0, 695, 0, 0, 0, 0, 0, 42, 40, 777
src/main/scala/Triangle.scala, Scala, 0, 0, 0, 145, 0, 0, 0, 0, 0, 16, 11, 172
src/main/scala/Triangle_1.scala, Scala, 0, 0, 0, 0, 0, 0, 0, 0, 0, 162, 15, 177
src/main/scala/Triangle_memory.scala, Scala, 0, 0, 0, 21, 0, 0, 0, 0, 0, 3, 5, 29
src/main/scala/Triangle_memory_valid.scala, Scala, 0, 0, 0, 23, 0, 0, 0, 0, 0, 3, 7, 33
src/main/scala/ValExec_CompareRecFN.scala, Scala, 0, 0, 0, 92, 0, 0, 0, 0, 0, 35, 20, 147
src/main/scala/ValExec_DivSqrtRecF64.scala, Scala, 0, 0, 0, 110, 0, 0, 0, 0, 0, 35, 33, 178
src/main/scala/ValExec_DivSqrtRecFN_small.scala, Scala, 0, 0, 0, 137, 0, 0, 0, 0, 0, 34, 37, 208
src/main/scala/ValExec_INToRecFN.scala, Scala, 0, 0, 0, 80, 0, 0, 0, 0, 0, 35, 23, 138
src/main/scala/ValExec_MulAddRecFN.scala, Scala, 0, 0, 0, 115, 0, 0, 0, 0, 0, 35, 32, 182
src/main/scala/ValExec_RecFNToIN.scala, Scala, 0, 0, 0, 80, 0, 0, 0, 0, 0, 35, 21, 136
src/main/scala/ValExec_RecFNToRecFN.scala, Scala, 0, 0, 0, 45, 0, 0, 0, 0, 0, 35, 14, 94
src/main/scala/ValExec_fNFromRecFN.scala, Scala, 0, 0, 0, 18, 0, 0, 0, 0, 0, 35, 9, 62
src/main/scala/VarSizeAdder.scala, Scala, 0, 0, 0, 19, 0, 0, 0, 0, 0, 8, 12, 39
src/main/scala/VarSizeMul.scala, Scala, 0, 0, 0, 32, 0, 0, 0, 0, 0, 11, 16, 59
src/main/scala/add(rec_ui).scala, Scala, 0, 0, 0, 0, 0, 0, 0, 0, 0, 0, 1, 1
src/main/scala/add_3.scala, Scala, 0, 0, 0, 55, 0, 0, 0, 0, 0, 49, 17, 121
src/main/scala/add_rec_ui.scala, Scala, 0, 0, 0, 0, 0, 0, 0, 0, 0, 45, 8, 53
src/main/scala/add_ui_rec.scala, Scala, 0, 0, 0, 0, 0, 0, 0, 0, 0, 50, 8, 58
src/main/scala/classifyRecFN.scala, Scala, 0, 0, 0, 25, 0, 0, 0, 0, 0, 35, 8, 68
src/main/scala/common.scala, Scala, 0, 0, 0, 100, 0, 0, 0, 0, 0, 81, 20, 201
src/main/scala/fNFromRecFN.scala, Scala, 0, 0, 0, 25, 0, 0, 0, 0, 0, 35, 9, 69
src/main/scala/fpDiv.scala, Scala, 0, 0, 0, 0, 0, 0, 0, 0, 0, 261, 58, 319
src/main/scala/fpDiv_0.scala, Scala, 0, 0, 0, 71, 0, 0, 0, 0, 0, 125, 52, 248
src/main/scala/fpInverter.scala, Scala, 0, 0, 0, 50, 0, 0, 0, 0, 0, 49, 22, 121
src/main/scala/ist0.scala, Scala, 0, 0, 0, 0, 0, 0, 0, 0, 0, 187, 22, 209
src/main/scala/ist1.scala, Scala, 0, 0, 0, 0, 0, 0, 0, 0, 0, 135, 10, 145
src/main/scala/ist2.scala, Scala, 0, 0, 0, 0, 0, 0, 0, 0, 0, 238, 28, 266
src/main/scala/ist3.scala, Scala, 0, 0, 0, 0, 0, 0, 0, 0, 0, 256, 33, 289
src/main/scala/lookups.scala, Scala, 0, 0, 0, 215, 0, 0, 0, 0, 0, 113, 61, 389
src/main/scala/lut_25.scala, Scala, 0, 0, 0, 0, 0, 0, 0, 0, 0, 3019, 81, 3100
src/main/scala/lut_35.scala, Scala, 0, 0, 0, 5110, 0, 0, 0, 0, 0, 83, 95, 5288
src/main/scala/primitives.scala, Scala, 0, 0, 0, 74, 0, 0, 0, 0, 0, 46, 9, 129
src/main/scala/rawFloatFromFN.scala, Scala, 0, 0, 0, 32, 0, 0, 0, 0, 0, 35, 10, 77
src/main/scala/rawFloatFromIN.scala, Scala, 0, 0, 0, 25, 0, 0, 0, 0, 0, 36, 8, 69
src/main/scala/rawFloatFromRecFN.scala, Scala, 0, 0, 0, 19, 0, 0, 0, 0, 0, 39, 7, 65
src/main/scala/ray_bvh_fetch.scala, Scala, 0, 0, 0, 69, 0, 0, 0, 0, 0, 22, 16, 107
src/main/scala/ray_dispatch.scala, Scala, 0, 0, 0, 138, 0, 0, 0, 0, 0, 31, 7, 176
src/main/scala/ray_memory.scala, Scala, 0, 0, 0, 20, 0, 0, 0, 0, 0, 3, 5, 28
src/main/scala/ray_memory_hit.scala, Scala, 0, 0, 0, 17, 0, 0, 0, 0, 0, 3, 5, 25
src/main/scala/ray_memory_later.scala, Scala, 0, 0, 0, 17, 0, 0, 0, 0, 0, 3, 5, 25
src/main/scala/readmem.scala, Scala, 0, 0, 0, 19, 0, 0, 0, 0, 0, 0, 4, 23
src/main/scala/recFNFromFN.scala, Scala, 0, 0, 0, 15, 0, 0, 0, 0, 0, 35, 6, 56
src/main/scala/resizeRawFloat.scala, Scala, 0, 0, 0, 33, 0, 0, 0, 0, 0, 37, 8, 78
src/main/scala/rtp_test.scala, Scala, 0, 0, 0, 0, 0, 0, 0, 0, 0, 79, 22, 101
src/main/scala/schedule_unit.scala, Scala, 0, 0, 0, 0, 0, 0, 0, 0, 0, 125, 15, 140
src/main/scala/stack.scala, Scala, 0, 0, 0, 66, 0, 0, 0, 0, 0, 36, 13, 115
src/main/scala/stack_test.scala, Scala, 0, 0, 0, 0, 0, 0, 0, 0, 0, 38, 5, 43
src/main/scala/stackmanage.scala, Scala, 0, 0, 0, 0, 0, 0, 0, 0, 0, 100, 13, 113
src/main/scala/stackmanage_25.scala, Scala, 0, 0, 0, 0, 0, 0, 0, 0, 0, 3348, 107, 3455
src/main/scala/stackmanage_35.scala, Scala, 0, 0, 0, 5930, 0, 0, 0, 0, 0, 66, 124, 6120
src/main/scala/su.scala, Scala, 0, 0, 0, 0, 0, 0, 0, 0, 0, 64, 6, 70
src/main/scala/test.scala, Scala, 0, 0, 0, 0, 0, 0, 0, 0, 0, 32, 4, 36
src/main/scala/test_SInt.scala, Scala, 0, 0, 0, 30, 0, 0, 0, 0, 0, 5, 4, 39
src/main/scala/test_fetch.scala, Scala, 0, 0, 0, 23, 0, 0, 0, 0, 0, 3, 2, 28
src/main/scala/tests.scala, Scala, 0, 0, 0, 14, 0, 0, 0, 0, 0, 186, 15, 215
src/main/scala/triangle.scala, Scala, 0, 0, 0, 0, 0, 0, 0, 0, 0, 163, 13, 176
src/test/Adder.scala, Scala, 0, 0, 0, 16, 0, 0, 0, 0, 0, 1, 6, 23
src/test/Arbitration_1.scala, Scala, 0, 0, 0, 146, 0, 0, 0, 0, 0, 42, 24, 212
src/test/FDIVtest.scala, Scala, 0, 0, 0, 22, 0, 0, 0, 0, 0, 1, 3, 26
src/test/FIFO_0.scala, Scala, 0, 0, 0, 52, 0, 0, 0, 0, 0, 3, 7, 62
src/test/LUT copy.scala, Scala, 0, 0, 0, 2801, 0, 0, 0, 0, 0, 43, 55, 2899
src/test/LUT.scala, Scala, 0, 0, 0, 602, 0, 0, 0, 0, 0, 46, 41, 689
src/test/Schedule_unit.scala, Scala, 0, 0, 0, 1305, 0, 0, 0, 0, 0, 125, 53, 1483
src/test/Stackmanage copy.scala, Scala, 0, 0, 0, 3250, 0, 0, 0, 0, 0, 73, 108, 3431
src/test/Stackmanage.scala, Scala, 0, 0, 0, 595, 0, 0, 0, 0, 0, 69, 71, 735
src/test/fdiv_dstest.scala, Scala, 0, 0, 0, 0, 0, 0, 0, 0, 0, 32, 8, 40
src/test/stacktest.scala, Scala, 0, 0, 0, 25, 0, 0, 0, 0, 0, 14, 6, 45
src/test/triangle.scala, Scala, 0, 0, 0, 0, 0, 0, 0, 0, 0, 163, 13, 176
test.ray_traverse.md, Markdown, 0, 0, 326, 0, 0, 0, 0, 0, 0, 36, 59, 421
vsrc/emulator-f32_mulAdd.vh, Verilog, 39, 0, 0, 0, 0, 0, 0, 0, 0, 0, 10, 49
vsrc/emulator-f64_div.vh, Verilog, 54, 0, 0, 0, 0, 0, 0, 0, 0, 0, 13, 67
vsrc/emulator-f64_mulAdd.vh, Verilog, 39, 0, 0, 0, 0, 0, 0, 0, 0, 0, 10, 49
vsrc/emulator-f64_sqrt.vh, Verilog, 50, 0, 0, 0, 0, 0, 0, 0, 0, 0, 13, 63
vsrc/emulator.v, Verilog, 61, 0, 0, 0, 0, 0, 0, 0, 0, 0, 10, 71
Total, -, 33412, 4083, 1422, 30282, 2, 265, 837, 8, 6584639, 50771, 57071, 6762792